{"images":[{"size":"29x29","idiom":"iphone","filename":"ic_launcher29.png","scale":"1x"},{"size":"29x29","idiom":"iphone","filename":"ic_launcher29@2x.png","scale":"2x"},{"size":"29x29","idiom":"iphone","filename":"ic_launcher29@3x.png","scale":"3x"},{"size":"40x40","idiom":"iphone","filename":"ic_launcher40@2x.png","scale":"2x"},{"size":"40x40","idiom":"iphone","filename":"ic_launcher40@3x.png","scale":"3x"},{"size":"57x57","idiom":"iphone","filename":"ic_launcher57.png","scale":"1x"},{"size":"57x57","idiom":"iphone","filename":"ic_launcher57@2x.png","scale":"2x"},{"size":"60x60","idiom":"iphone","filename":"ic_launcher60@2x.png","scale":"2x"},{"size":"60x60","idiom":"iphone","filename":"ic_launcher60@3x.png","scale":"3x"}],"info":{"version":1,"author":"ydimage"}}